[
    {
        "name": "Property Violations",
        "parent": "null",
        "children": [
            {
                "name": "Animals / Pets",
                "parent": "Property Violations",
                "children": [
                    {
                        "name": "Dead Animal",
                        "parent": "Animals / Pets",
                        "children": [
                            {
                                "name": "Private Property Nuisance",
                                "parent": "Dead Animal"
                            }
                        ]
                    }
                ]
            },
            {
                "name": "Data Not Available",
                "parent": "Property Violations",
                "children": [
                    {
                        "name": "Data Not Available",
                        "parent": "Data Not Available",
                        "children": [
                            {
                                "name": "Data Not Available",
                                "parent": "Data Not Available"
                            }
                        ]
                    }
                ]
            },
            {
                "name": "Mowing / Weeds",
                "parent": "Property Violations",
                "children": [
                    {
                        "name": "Private / Commercial",
                        "parent": "Mowing / Weeds",
                        "children": [
                            {
                                "name": "Lot - Structure",
                                "parent": "Private / Commercial"
                            },
                            {
                                "name": "Lot - Vacant",
                                "parent": "Private / Commercial"
                            }
                        ]
                    }
                ]
            },
            {
                "name": "Neighborhood Preservation",
                "parent": "Property Violations",
                "children": [
                    {
                        "name": "Priority",
                        "parent": "Neighborhood Preservation",
                        "children": [
                            {
                                "name": "Review",
                                "parent": "Priority"
                            }
                        ]
                    }
                ]
            },
            {
                "name": "Property / Buildings / Construction",
                "parent": "Property Violations",
                "children": [
                    {
                        "name": "Property Maintenance",
                        "parent": "Property / Buildings / Construction",
                        "children": [
                            {
                                "name": "Fence Issue",
                                "parent": "Property Maintenance"
                            },
                            {
                                "name": "Graffiti",
                                "parent": "Property Maintenance"
                            },
                            {
                                "name": "Main Structure",
                                "parent": "Property Maintenance"
                            },
                            {
                                "name": "Other Property Issue",
                                "parent": "Property Maintenance"
                            },
                            {
                                "name": "Secondary Structure",
                                "parent": "Property Maintenance"
                            }
                        ]
                    },
                    {
                        "name": "Services (NPD)",
                        "parent": "Property / Buildings / Construction",
                        "children": [
                            {
                                "name": "Other Priority Issue",
                                "parent": "Services (NPD)"
                            }
                        ]
                    }
                ]
            },
            {
                "name": "Property Violations",
                "parent": "Property Violations",
                "children": [
                    {
                        "name": "Board Up",
                        "parent": "Property Violations",
                        "children": [
                            {
                                "name": "All",
                                "parent": "Board Up"
                            }
                        ]
                    },
                    {
                        "name": "Private Property",
                        "parent": "Property Violations",
                        "children": [
                            {
                                "name": "Accelerated Abatement",
                                "parent": "Private Property"
                            },
                            {
                                "name": "All",
                                "parent": "Private Property"
                            },
                            {
                                "name": "Dead",
                                "parent": "Private Property"
                            },
                            {
                                "name": "No Known Property Owner",
                                "parent": "Private Property"
                            },
                            {
                                "name": "Priority Review",
                                "parent": "Private Property"
                            },
                            {
                                "name": "Snow on Sidewalk",
                                "parent": "Private Property"
                            },
                            {
                                "name": "Tree Debris",
                                "parent": "Private Property"
                            }
                        ]
                    },
                    {
                        "name": "Volunteer Inspector Program",
                        "parent": "Property Violations",
                        "children": [
                            {
                                "name": "All",
                                "parent": "Volunteer Inspector Program"
                            }
                        ]
                    }
                ]
            },
            {
                "name": "Sidewalks / Curbs / Ditch",
                "parent": "Property Violations",
                "children": [
                    {
                        "name": "Snow / Ice",
                        "parent": "Sidewalks / Curbs / Ditch",
                        "children": [
                            {
                                "name": "Commercial",
                                "parent": "Snow / Ice"
                            },
                            {
                                "name": "Private Property",
                                "parent": "Snow / Ice"
                            }
                        ]
                    }
                ]
            },
            {
                "name": "Storm Water / Sewer",
                "parent": "Property Violations",
                "children": [
                    {
                        "name": "Sewer Backup / Leak",
                        "parent": "Storm Water / Sewer",
                        "children": [
                            {
                                "name": "Owner\u2018s Responsibility",
                                "parent": "Sewer Backup / Leak"
                            }
                        ]
                    }
                ]
            },
            {
                "name": "Trash / Recycling",
                "parent": "Property Violations",
                "children": [
                    {
                        "name": "Dumpsters",
                        "parent": "Trash / Recycling",
                        "children": [
                            {
                                "name": "Private Property",
                                "parent": "Dumpsters"
                            }
                        ]
                    },
                    {
                        "name": "Nuisance",
                        "parent": "Trash / Recycling",
                        "children": [
                            {
                                "name": "Open Storage",
                                "parent": "Nuisance"
                            },
                            {
                                "name": "Trash on Private Property",
                                "parent": "Nuisance"
                            }
                        ]
                    }
                ]
            },
            {
                "name": "Trees",
                "parent": "Property Violations",
                "children": [
                    {
                        "name": "Private Property",
                        "parent": "Trees",
                        "children": [
                            {
                                "name": "Accelerated Abatement",
                                "parent": "Private Property"
                            },
                            {
                                "name": "All",
                                "parent": "Private Property"
                            },
                            {
                                "name": "Dead",
                                "parent": "Private Property"
                            },
                            {
                                "name": "No Known Property Owner",
                                "parent": "Private Property"
                            },
                            {
                                "name": "Priority Review",
                                "parent": "Private Property"
                            },
                            {
                                "name": "Snow on Sidewalk",
                                "parent": "Private Property"
                            },
                            {
                                "name": "Tree Debris",
                                "parent": "Private Property"
                            }
                        ]
                    }
                ]
            },
            {
                "name": "Vehicles / Parking",
                "parent": "Property Violations",
                "children": [
                    {
                        "name": "Disabled/Unlicensed on Private Property",
                        "parent": "Vehicles / Parking",
                        "children": [
                            {
                                "name": "Boat Private Property",
                                "parent": "Disabled/Unlicensed on Private Property"
                            },
                            {
                                "name": "Car Private Property",
                                "parent": "Disabled/Unlicensed on Private Property"
                            },
                            {
                                "name": "Other Private Property",
                                "parent": "Disabled/Unlicensed on Private Property"
                            },
                            {
                                "name": "Trailer Private Property",
                                "parent": "Disabled/Unlicensed on Private Property"
                            }
                        ]
                    },
                    {
                        "name": "Parked on Unapproved Surface",
                        "parent": "Vehicles / Parking",
                        "children": [
                            {
                                "name": "Boat Private Property",
                                "parent": "Parked on Unapproved Surface"
                            },
                            {
                                "name": "Car Private Property",
                                "parent": "Parked on Unapproved Surface"
                            },
                            {
                                "name": "Other Private Property",
                                "parent": "Parked on Unapproved Surface"
                            },
                            {
                                "name": "Trailer Private Property",
                                "parent": "Parked on Unapproved Surface"
                            }
                        ]
                    }
                ]
            }
        ]
    },
    {
        "name": "Vacant Structure Open to Entry",
        "parent": "null",
        "children": [
            {
                "name": "Property Violations",
                "parent": "Vacant Structure Open to Entry",
                "children": [
                    {
                        "name": "Board Up",
                        "parent": "Property Violations",
                        "children": [
                            {
                                "name": "All",
                                "parent": "Board Up"
                            }
                        ]
                    },
                    {
                        "name": "Private Property",
                        "parent": "Property Violations",
                        "children": [
                            {
                                "name": "Accelerated Abatement",
                                "parent": "Private Property"
                            },
                            {
                                "name": "All",
                                "parent": "Private Property"
                            },
                            {
                                "name": "Dead",
                                "parent": "Private Property"
                            },
                            {
                                "name": "No Known Property Owner",
                                "parent": "Private Property"
                            },
                            {
                                "name": "Priority Review",
                                "parent": "Private Property"
                            },
                            {
                                "name": "Snow on Sidewalk",
                                "parent": "Private Property"
                            },
                            {
                                "name": "Tree Debris",
                                "parent": "Private Property"
                            }
                        ]
                    },
                    {
                        "name": "Volunteer Inspector Program",
                        "parent": "Property Violations",
                        "children": [
                            {
                                "name": "All",
                                "parent": "Volunteer Inspector Program"
                            }
                        ]
                    }
                ]
            }
        ]
    },
    {
        "name": "Dangerous Building",
        "parent": "null",
        "children": [
            {
                "name": "Property Violations",
                "parent": "Dangerous Building",
                "children": [
                    {
                        "name": "Board Up",
                        "parent": "Property Violations",
                        "children": [
                            {
                                "name": "All",
                                "parent": "Board Up"
                            }
                        ]
                    },
                    {
                        "name": "Private Property",
                        "parent": "Property Violations",
                        "children": [
                            {
                                "name": "Accelerated Abatement",
                                "parent": "Private Property"
                            },
                            {
                                "name": "All",
                                "parent": "Private Property"
                            },
                            {
                                "name": "Dead",
                                "parent": "Private Property"
                            },
                            {
                                "name": "No Known Property Owner",
                                "parent": "Private Property"
                            },
                            {
                                "name": "Priority Review",
                                "parent": "Private Property"
                            },
                            {
                                "name": "Snow on Sidewalk",
                                "parent": "Private Property"
                            },
                            {
                                "name": "Tree Debris",
                                "parent": "Private Property"
                            }
                        ]
                    },
                    {
                        "name": "Volunteer Inspector Program",
                        "parent": "Property Violations",
                        "children": [
                            {
                                "name": "All",
                                "parent": "Volunteer Inspector Program"
                            }
                        ]
                    }
                ]
            }
        ]
    },
    {
        "name": "Hazardous Structure",
        "parent": "null",
        "children": [
            {
                "name": "Property Violations",
                "parent": "Hazardous Structure",
                "children": [
                    {
                        "name": "Board Up",
                        "parent": "Property Violations",
                        "children": [
                            {
                                "name": "All",
                                "parent": "Board Up"
                            }
                        ]
                    },
                    {
                        "name": "Private Property",
                        "parent": "Property Violations",
                        "children": [
                            {
                                "name": "Accelerated Abatement",
                                "parent": "Private Property"
                            },
                            {
                                "name": "All",
                                "parent": "Private Property"
                            },
                            {
                                "name": "Dead",
                                "parent": "Private Property"
                            },
                            {
                                "name": "No Known Property Owner",
                                "parent": "Private Property"
                            },
                            {
                                "name": "Priority Review",
                                "parent": "Private Property"
                            },
                            {
                                "name": "Snow on Sidewalk",
                                "parent": "Private Property"
                            },
                            {
                                "name": "Tree Debris",
                                "parent": "Private Property"
                            }
                        ]
                    },
                    {
                        "name": "Volunteer Inspector Program",
                        "parent": "Property Violations",
                        "children": [
                            {
                                "name": "All",
                                "parent": "Volunteer Inspector Program"
                            }
                        ]
                    }
                ]
            }
        ]
    },
    {
        "name": "Dangerous Building and Emergency Board Up",
        "parent": "null",
        "children": [
            {
                "name": "Property Violations",
                "parent": "Dangerous Building and Emergency Board Up",
                "children": [
                    {
                        "name": "Board Up",
                        "parent": "Property Violations",
                        "children": [
                            {
                                "name": "All",
                                "parent": "Board Up"
                            }
                        ]
                    },
                    {
                        "name": "Private Property",
                        "parent": "Property Violations",
                        "children": [
                            {
                                "name": "Accelerated Abatement",
                                "parent": "Private Property"
                            },
                            {
                                "name": "All",
                                "parent": "Private Property"
                            },
                            {
                                "name": "Dead",
                                "parent": "Private Property"
                            },
                            {
                                "name": "No Known Property Owner",
                                "parent": "Private Property"
                            },
                            {
                                "name": "Priority Review",
                                "parent": "Private Property"
                            },
                            {
                                "name": "Snow on Sidewalk",
                                "parent": "Private Property"
                            },
                            {
                                "name": "Tree Debris",
                                "parent": "Private Property"
                            }
                        ]
                    },
                    {
                        "name": "Volunteer Inspector Program",
                        "parent": "Property Violations",
                        "children": [
                            {
                                "name": "All",
                                "parent": "Volunteer Inspector Program"
                            }
                        ]
                    }
                ]
            }
        ]
    },
    {
        "name": "Dangerous Building Emergency",
        "parent": "null",
        "children": [
            {
                "name": "Property Violations",
                "parent": "Dangerous Building Emergency",
                "children": [
                    {
                        "name": "Board Up",
                        "parent": "Property Violations",
                        "children": [
                            {
                                "name": "All",
                                "parent": "Board Up"
                            }
                        ]
                    },
                    {
                        "name": "Private Property",
                        "parent": "Property Violations",
                        "children": [
                            {
                                "name": "Accelerated Abatement",
                                "parent": "Private Property"
                            },
                            {
                                "name": "All",
                                "parent": "Private Property"
                            },
                            {
                                "name": "Dead",
                                "parent": "Private Property"
                            },
                            {
                                "name": "No Known Property Owner",
                                "parent": "Private Property"
                            },
                            {
                                "name": "Priority Review",
                                "parent": "Private Property"
                            },
                            {
                                "name": "Snow on Sidewalk",
                                "parent": "Private Property"
                            },
                            {
                                "name": "Tree Debris",
                                "parent": "Private Property"
                            }
                        ]
                    },
                    {
                        "name": "Volunteer Inspector Program",
                        "parent": "Property Violations",
                        "children": [
                            {
                                "name": "All",
                                "parent": "Volunteer Inspector Program"
                            }
                        ]
                    }
                ]
            }
        ]
    },
    {
        "name": "No Known Property Owner",
        "parent": "null",
        "children": [
            {
                "name": "Property Violations",
                "parent": "No Known Property Owner",
                "children": [
                    {
                        "name": "Board Up",
                        "parent": "Property Violations",
                        "children": [
                            {
                                "name": "All",
                                "parent": "Board Up"
                            }
                        ]
                    },
                    {
                        "name": "Private Property",
                        "parent": "Property Violations",
                        "children": [
                            {
                                "name": "Accelerated Abatement",
                                "parent": "Private Property"
                            },
                            {
                                "name": "All",
                                "parent": "Private Property"
                            },
                            {
                                "name": "Dead",
                                "parent": "Private Property"
                            },
                            {
                                "name": "No Known Property Owner",
                                "parent": "Private Property"
                            },
                            {
                                "name": "Priority Review",
                                "parent": "Private Property"
                            },
                            {
                                "name": "Snow on Sidewalk",
                                "parent": "Private Property"
                            },
                            {
                                "name": "Tree Debris",
                                "parent": "Private Property"
                            }
                        ]
                    },
                    {
                        "name": "Volunteer Inspector Program",
                        "parent": "Property Violations",
                        "children": [
                            {
                                "name": "All",
                                "parent": "Volunteer Inspector Program"
                            }
                        ]
                    }
                ]
            }
        ]
    },
    {
        "name": "Referral for Sewage on Private Property",
        "parent": "null",
        "children": [
            {
                "name": "Property Violations",
                "parent": "Referral for Sewage on Private Property",
                "children": [
                    {
                        "name": "Board Up",
                        "parent": "Property Violations",
                        "children": [
                            {
                                "name": "All",
                                "parent": "Board Up"
                            }
                        ]
                    },
                    {
                        "name": "Private Property",
                        "parent": "Property Violations",
                        "children": [
                            {
                                "name": "Accelerated Abatement",
                                "parent": "Private Property"
                            },
                            {
                                "name": "All",
                                "parent": "Private Property"
                            },
                            {
                                "name": "Dead",
                                "parent": "Private Property"
                            },
                            {
                                "name": "No Known Property Owner",
                                "parent": "Private Property"
                            },
                            {
                                "name": "Priority Review",
                                "parent": "Private Property"
                            },
                            {
                                "name": "Snow on Sidewalk",
                                "parent": "Private Property"
                            },
                            {
                                "name": "Tree Debris",
                                "parent": "Private Property"
                            }
                        ]
                    },
                    {
                        "name": "Volunteer Inspector Program",
                        "parent": "Property Violations",
                        "children": [
                            {
                                "name": "All",
                                "parent": "Volunteer Inspector Program"
                            }
                        ]
                    }
                ]
            }
        ]
    },
    {
        "name": "Accelerated Abatement Program",
        "parent": "null",
        "children": [
            {
                "name": "Property Violations",
                "parent": "Accelerated Abatement Program",
                "children": [
                    {
                        "name": "Board Up",
                        "parent": "Property Violations",
                        "children": [
                            {
                                "name": "All",
                                "parent": "Board Up"
                            }
                        ]
                    },
                    {
                        "name": "Private Property",
                        "parent": "Property Violations",
                        "children": [
                            {
                                "name": "Accelerated Abatement",
                                "parent": "Private Property"
                            },
                            {
                                "name": "All",
                                "parent": "Private Property"
                            },
                            {
                                "name": "Dead",
                                "parent": "Private Property"
                            },
                            {
                                "name": "No Known Property Owner",
                                "parent": "Private Property"
                            },
                            {
                                "name": "Priority Review",
                                "parent": "Private Property"
                            },
                            {
                                "name": "Snow on Sidewalk",
                                "parent": "Private Property"
                            },
                            {
                                "name": "Tree Debris",
                                "parent": "Private Property"
                            }
                        ]
                    },
                    {
                        "name": "Volunteer Inspector Program",
                        "parent": "Property Violations",
                        "children": [
                            {
                                "name": "All",
                                "parent": "Volunteer Inspector Program"
                            }
                        ]
                    }
                ]
            }
        ]
    },
    {
        "name": "Volunteer Inspection Program",
        "parent": "null",
        "children": [
            {
                "name": "Property Violations",
                "parent": "Volunteer Inspection Program",
                "children": [
                    {
                        "name": "Board Up",
                        "parent": "Property Violations",
                        "children": [
                            {
                                "name": "All",
                                "parent": "Board Up"
                            }
                        ]
                    },
                    {
                        "name": "Private Property",
                        "parent": "Property Violations",
                        "children": [
                            {
                                "name": "Accelerated Abatement",
                                "parent": "Private Property"
                            },
                            {
                                "name": "All",
                                "parent": "Private Property"
                            },
                            {
                                "name": "Dead",
                                "parent": "Private Property"
                            },
                            {
                                "name": "No Known Property Owner",
                                "parent": "Private Property"
                            },
                            {
                                "name": "Priority Review",
                                "parent": "Private Property"
                            },
                            {
                                "name": "Snow on Sidewalk",
                                "parent": "Private Property"
                            },
                            {
                                "name": "Tree Debris",
                                "parent": "Private Property"
                            }
                        ]
                    },
                    {
                        "name": "Volunteer Inspector Program",
                        "parent": "Property Violations",
                        "children": [
                            {
                                "name": "All",
                                "parent": "Volunteer Inspector Program"
                            }
                        ]
                    }
                ]
            }
        ]
    },
    {
        "name": "Snow or Ice on Sidewalk",
        "parent": "null",
        "children": [
            {
                "name": "Property Violations",
                "parent": "Snow or Ice on Sidewalk",
                "children": [
                    {
                        "name": "Board Up",
                        "parent": "Property Violations",
                        "children": [
                            {
                                "name": "All",
                                "parent": "Board Up"
                            }
                        ]
                    },
                    {
                        "name": "Private Property",
                        "parent": "Property Violations",
                        "children": [
                            {
                                "name": "Accelerated Abatement",
                                "parent": "Private Property"
                            },
                            {
                                "name": "All",
                                "parent": "Private Property"
                            },
                            {
                                "name": "Dead",
                                "parent": "Private Property"
                            },
                            {
                                "name": "No Known Property Owner",
                                "parent": "Private Property"
                            },
                            {
                                "name": "Priority Review",
                                "parent": "Private Property"
                            },
                            {
                                "name": "Snow on Sidewalk",
                                "parent": "Private Property"
                            },
                            {
                                "name": "Tree Debris",
                                "parent": "Private Property"
                            }
                        ]
                    },
                    {
                        "name": "Volunteer Inspector Program",
                        "parent": "Property Violations",
                        "children": [
                            {
                                "name": "All",
                                "parent": "Volunteer Inspector Program"
                            }
                        ]
                    }
                ]
            }
        ]
    }
]