BLOCKGROUP_ID,Total population,Median income,Median home value,Total population age 25+ years with a bachelor's degree or higher,White alone,Black or African American alone,Asian alone,Hispanic or Latino,Total Vacant,Total Renter Occupied,Number of Households,Total civilian labor force,Total employed,Total unemployed,Families considered in poverty calculation,Individuals considered in poverty calculation,Households considered in poverty calculation,Families with income below poverty,Individuals with income below poverty,Households with income below poverty,Total population 25 or older,No schooling completed,High school diploma,Bachelor's degree,Master's degree,Doctorate degree
290019510001,664,-666666666,-666666666,0,527,50,24,25,0,0,0,95,95,0,0,0,0,0,0,0,5,0,0,0,0,0
290019505006,887,21731,-666666666,11,597,0,165,29,92,314,374,356,307,49,55,887,374,13,601,191,161,0,0,11,0,0
290019510003,886,-666666666,-666666666,0,742,32,36,7,0,4,4,133,133,0,0,11,4,0,11,4,14,0,0,0,0,0
290019510002,614,-666666666,-666666666,0,539,23,16,8,0,13,13,111,111,0,0,13,13,0,13,13,2,0,0,0,0,0
290019509003,641,-666666666,-666666666,20,546,7,0,40,0,230,230,274,274,0,19,641,230,9,530,189,69,0,0,20,0,0
290079507004,1080,27077,-666666666,89,918,159,0,0,74,323,457,485,476,9,208,1080,457,63,308,95,588,2,0,50,33,0
290099602004,864,-666666666,145100,89,864,0,0,0,20,112,338,361,311,50,279,864,338,46,96,46,587,0,0,89,0,0
290099603005,1338,46147,-666666666,80,962,0,174,202,106,181,581,687,687,0,328,1274,581,35,130,35,1097,0,28,57,23,0
290099603001,880,36332,-666666666,100,522,0,40,110,126,219,283,561,561,0,131,880,283,31,310,44,548,17,0,100,0,0
290190003002,991,-666666666,-666666666,58,937,11,5,4,152,199,206,417,386,31,21,532,206,14,472,190,78,0,0,38,20,0
290190015023,601,30938,-666666666,161,429,163,0,9,38,304,326,450,450,0,84,524,326,0,84,39,388,0,0,126,35,0
290190022002,1780,-666666666,-666666666,6,1556,79,21,56,0,0,0,367,356,11,0,0,0,0,0,0,16,0,0,6,0,0
290190013001,1289,31196,-666666666,191,507,387,92,110,147,565,574,796,777,19,284,1273,574,163,658,221,728,28,0,161,29,0
290190006001,1441,-666666666,356700,509,1269,4,57,43,49,301,611,678,678,0,247,1367,611,30,485,272,591,0,0,133,172,94
290190003001,1108,22813,-666666666,31,913,84,18,7,26,332,354,740,740,0,58,1037,354,0,750,207,130,0,8,15,16,0
290190005001,2337,13885,-666666666,408,1744,92,251,66,91,1104,1112,1364,1255,109,94,2218,1112,45,1703,777,708,0,0,248,65,56
290190005002,1736,13810,-666666666,0,1430,91,27,76,30,278,278,714,677,37,0,1013,278,0,932,269,132,0,3,0,0,0
290190020001,1014,-666666666,140600,258,974,0,0,40,107,333,543,273,260,13,266,947,543,27,213,145,789,0,0,203,55,0
290190010023,503,41161,-666666666,172,493,0,0,10,0,261,291,16,16,0,83,402,291,0,41,41,487,0,0,117,0,35
290190015044,685,30880,-666666666,39,390,105,28,162,67,307,357,399,399,0,171,685,357,14,78,32,305,0,0,19,0,0
290190022003,1403,-666666666,-666666666,11,1264,50,16,46,0,26,26,487,465,22,0,72,26,0,58,26,15,0,0,7,4,0
290190022001,3584,17750,-666666666,426,2889,214,333,60,104,643,664,1275,1235,40,142,1170,664,64,691,349,590,0,4,114,125,103
290210005002,915,-666666666,228300,159,581,232,0,102,18,160,282,274,268,6,230,896,282,111,438,117,507,0,0,60,69,10
290210030003,1722,30688,-666666666,0,773,160,0,680,242,325,519,944,859,85,293,1722,519,59,302,100,1113,0,36,0,0,0
290210010003,987,24453,-666666666,31,613,195,0,37,90,217,267,377,377,0,126,987,267,75,669,169,655,0,0,25,0,6
290210012002,780,17500,-666666666,59,537,169,0,6,35,442,450,245,232,13,36,594,450,19,298,202,627,0,40,31,23,0
290239503006,574,23371,-666666666,37,526,48,0,0,0,228,293,114,114,0,88,500,293,0,139,103,430,0,16,37,0,0
290239502021,955,-666666666,137800,131,955,0,0,0,29,38,289,565,565,0,258,942,289,20,53,34,661,0,0,84,47,0
290239505003,284,23516,-666666666,9,215,61,0,3,104,54,86,44,44,0,37,162,86,0,11,11,268,4,0,9,0,0
290239507002,950,-666666666,52600,7,705,236,0,0,41,183,347,402,374,28,230,950,347,105,559,175,468,0,18,0,7,0
290239503005,502,-666666666,-666666666,0,441,0,0,61,100,168,237,372,313,59,147,502,237,35,136,110,348,0,0,0,0,0
290270706001,1055,-666666666,213100,127,1020,0,0,35,62,180,459,487,487,0,277,1055,459,0,0,0,812,132,0,84,43,0
290270703006,0,-666666666,-666666666,0,0,0,0,0,0,0,0,0,0,0,0,0,0,0,0,0,0,0,0,0,0,0
290318814003,345,45192,-666666666,0,94,191,0,0,20,137,174,210,150,60,114,345,174,0,27,27,221,0,27,0,0,0
290339602002,532,50938,-666666666,50,525,0,0,0,40,42,181,182,181,1,106,528,181,4,26,14,296,0,2,48,2,0
290370600031,1438,43952,-666666666,47,1159,12,68,170,0,293,514,647,618,29,322,1427,514,80,303,88,930,20,10,35,12,0
290370601001,187,28250,-666666666,5,187,0,0,0,50,19,19,95,83,12,13,70,19,8,47,8,32,0,0,5,0,0
290370600042,1177,54805,-666666666,40,546,0,0,613,38,307,424,683,683,0,260,1177,424,63,176,63,504,21,0,40,0,0
290398702003,592,35179,-666666666,85,524,0,0,40,59,133,234,227,227,0,166,592,234,15,38,15,386,43,17,85,0,0
290398702005,508,13785,-666666666,8,489,0,0,0,0,164,229,199,135,64,95,463,229,64,259,108,292,0,0,0,8,0
290459503003,570,58611,-666666666,31,570,0,0,0,92,50,250,363,363,0,176,570,250,10,40,29,463,0,0,25,6,0
290470205002,576,-666666666,107400,30,444,0,55,18,0,141,223,222,222,0,172,576,223,0,14,0,454,0,0,30,0,0
290470221002,893,39926,-666666666,303,631,168,0,62,168,621,621,587,587,0,109,893,621,0,221,189,717,0,0,215,42,0
290470211015,342,-666666666,-666666666,59,275,67,0,0,85,93,180,207,152,55,89,342,180,0,19,19,258,0,0,22,37,0
290470211024,450,-666666666,131300,103,411,11,0,28,14,0,197,213,213,0,140,450,197,27,123,42,327,1,14,45,58,0
290470206025,625,29358,-666666666,36,392,54,54,0,0,181,181,243,172,71,161,625,181,57,246,68,329,0,16,36,0,0
290510105002,1010,36050,-666666666,97,330,680,0,0,65,265,337,479,441,38,228,953,337,49,294,107,597,0,0,64,33,0
290510109001,866,-666666666,200000,265,493,281,0,92,92,450,636,617,531,86,96,841,636,0,197,123,779,0,0,49,153,31
290510207002,270,30556,-666666666,10,120,150,0,0,54,102,102,138,90,48,61,261,102,45,199,86,123,0,0,10,0,0
290554503024,1480,18201,-666666666,70,1467,0,0,13,187,420,671,618,498,120,286,1406,671,72,507,293,1095,13,6,37,33,0
290554503022,873,31563,-666666666,40,702,44,0,115,30,215,324,320,272,48,215,860,324,59,282,114,467,13,36,28,0,0
290594803004,740,-666666666,139700,62,740,0,0,0,0,80,374,272,272,0,219,740,374,14,95,32,633,0,0,62,0,0
290679505003,503,-666666666,-666666666,55,497,6,0,0,48,37,146,225,225,0,119,488,146,31,205,37,222,6,0,44,11,0
290679502004,790,-666666666,108700,24,787,0,0,3,124,46,286,291,287,4,263,790,286,38,144,38,624,12,0,3,0,0
290693605003,639,-666666666,106000,30,434,86,0,71,180,159,292,228,212,16,168,639,292,90,366,183,348,21,6,0,18,7
290693601001,904,19758,-666666666,55,738,166,0,0,0,203,332,291,228,63,235,904,332,63,281,103,516,0,12,30,25,0
290693606002,1123,16095,-666666666,40,470,401,0,161,22,451,624,504,489,15,232,1123,624,83,454,270,766,5,13,34,0,0
290718008004,564,36667,-666666666,75,528,0,0,19,95,56,310,286,286,0,174,564,310,0,68,68,526,0,19,38,20,0
290718008001,678,-666666666,165300,47,636,42,0,0,0,15,166,375,355,20,117,678,166,20,91,49,350,0,14,24,0,23
290770002001,3271,16069,-666666666,55,2763,209,136,119,122,579,619,1237,1048,189,58,990,619,8,589,358,310,19,0,55,0,0
290770001002,750,16050,-666666666,84,525,31,134,7,44,258,263,390,390,0,35,528,263,13,311,134,243,0,0,40,44,0
290770005022,948,31103,-666666666,42,472,310,0,166,48,327,374,566,543,23,243,948,374,7,128,40,505,0,0,42,0,0
290770013023,621,29375,-666666666,142,495,29,8,33,40,383,394,500,488,12,80,599,394,0,111,85,358,11,0,122,20,0
290770002002,1894,12222,-666666666,49,1548,101,175,56,116,450,450,709,617,92,59,759,450,38,590,364,240,0,0,12,37,0
290770004001,922,27356,-666666666,217,572,30,11,19,64,383,404,474,420,54,168,922,404,14,212,149,462,0,14,202,15,0
290770005023,796,16948,-666666666,86,530,171,0,68,79,351,395,493,426,67,170,796,395,90,374,146,513,70,0,48,17,21
290770001001,1390,17985,-666666666,195,1202,45,45,29,135,900,925,873,812,61,102,1271,925,20,610,398,796,15,19,59,64,7
290770027001,1220,18956,-666666666,196,908,15,131,158,61,523,685,545,545,0,278,1220,685,136,578,285,862,0,17,177,19,0
290799604002,634,28147,-666666666,17,581,0,0,13,101,213,287,281,267,14,124,634,287,47,240,120,452,10,0,13,4,0
290819503003,798,-666666666,73400,68,653,0,5,98,65,110,381,306,306,0,214,798,381,35,161,46,620,6,15,43,17,8
290899603001,911,54488,-666666666,209,886,16,0,0,136,44,311,463,407,56,247,911,311,48,193,76,621,0,27,115,94,0
290910907005,480,-666666666,78800,0,477,0,0,3,0,242,296,141,140,1,95,480,296,0,136,111,424,3,0,0,0,0
290910904003,796,-666666666,74500,0,783,0,0,13,76,90,287,363,363,0,243,796,287,106,368,150,507,6,0,0,0,0
290950019003,717,18182,-666666666,38,349,43,0,325,82,229,294,265,265,0,152,717,294,64,282,115,464,10,0,0,38,0
290950057003,687,-666666666,33800,34,31,598,0,40,55,79,237,244,224,20,143,687,237,16,99,35,400,12,20,27,7,0
290950057002,425,26146,-666666666,0,10,379,0,12,179,142,184,189,159,30,73,425,184,56,252,95,268,0,16,0,0,0
290950154001,999,25513,-666666666,11,93,764,70,68,22,219,252,341,321,20,208,999,252,125,680,169,443,19,34,3,0,0
290950115003,669,27132,-666666666,20,539,61,0,15,59,208,259,253,224,29,67,519,259,10,132,83,471,0,19,20,0,0
290950116001,488,-666666666,85300,76,486,2,0,0,81,254,342,185,185,0,106,488,342,0,33,17,449,0,0,55,21,0
290950010002,1014,-666666666,168000,172,456,337,0,221,154,249,387,460,448,12,200,978,387,60,279,74,656,16,10,98,64,0
290950177001,194,143068,-666666666,65,194,0,0,0,32,7,51,85,85,0,51,194,51,0,0,0,115,0,0,65,0,0
290950043001,1102,-666666666,279200,282,454,420,114,52,86,377,475,565,565,0,159,1008,475,22,288,135,801,61,24,141,101,9
290950115005,713,-666666666,73800,11,531,0,0,155,0,248,371,358,278,80,191,713,371,53,345,138,462,32,0,11,0,0
290950117003,600,-666666666,58700,23,380,147,0,8,91,134,235,214,188,26,154,594,235,87,359,110,317,8,0,9,14,0
290950117005,1324,-666666666,67800,216,645,186,78,397,106,436,584,570,514,56,280,1324,584,128,586,276,790,20,17,166,50,0
290950034002,401,-666666666,27900,10,84,309,0,0,168,60,122,186,173,13,94,401,122,32,196,45,212,13,0,8,2,0
290950175001,578,-666666666,103900,75,376,194,1,4,32,89,246,324,297,27,140,512,246,4,104,48,469,0,0,65,6,4
290950095004,428,26402,-666666666,24,29,369,0,23,162,190,190,128,115,13,121,428,190,26,95,62,189,0,0,24,0,0
290950110005,794,-666666666,72200,27,599,12,14,109,91,283,354,287,260,27,177,794,354,51,302,99,555,29,0,27,0,0
290959801011,0,-666666666,-666666666,0,0,0,0,0,0,0,0,0,0,0,0,0,0,0,0,0,0,0,0,0,0,0
290950169002,559,23836,-666666666,49,6,542,0,11,137,158,255,207,190,17,127,559,255,30,195,42,381,0,6,23,26,0
290950018003,462,15179,-666666666,39,167,200,0,95,70,117,194,242,197,45,103,462,194,51,205,78,289,0,17,24,0,15
290950088003,498,-666666666,-666666666,0,208,290,0,0,66,76,152,188,160,28,110,498,152,65,284,74,263,0,24,0,0,0
290950090001,455,-666666666,85000,67,29,349,11,0,64,113,215,133,133,0,130,455,215,76,227,97,305,0,0,33,34,0
290950020001,891,-666666666,44800,13,423,62,5,401,89,115,264,345,275,70,151,891,264,69,525,133,504,0,0,8,5,0
290950020002,1552,40574,-666666666,54,274,63,42,1167,116,273,463,668,616,52,318,1488,463,51,444,143,913,90,11,50,4,0
290950115002,2057,-666666666,84100,17,1126,501,0,54,0,373,614,821,730,91,423,2057,614,115,538,210,1147,0,0,17,0,0
290950117001,559,27938,-666666666,80,434,27,0,98,168,173,261,234,165,69,169,559,261,48,177,91,445,14,13,70,10,0
290950021002,788,19884,-666666666,6,153,440,12,116,187,266,340,200,163,37,230,788,340,110,396,146,460,0,0,0,6,0
290950021004,945,-666666666,-666666666,44,143,92,0,680,62,99,197,236,134,102,171,945,197,111,737,128,333,17,0,23,21,0
290950054001,868,28167,-666666666,40,61,697,3,91,175,213,372,429,335,94,136,868,372,21,199,96,569,6,43,17,23,0
290950098001,857,37723,-666666666,136,247,430,11,150,36,469,491,529,519,10,170,857,491,14,140,14,423,0,0,33,74,29
290950172003,408,47375,-666666666,59,192,41,0,64,112,146,171,261,252,9,53,408,171,19,74,19,233,0,0,59,0,0
290950019002,751,11218,-666666666,86,270,268,116,97,18,253,352,342,216,126,83,711,352,24,368,233,455,0,43,86,0,0
290950143002,2234,-666666666,157400,501,1189,740,101,189,64,545,1082,1178,986,192,572,2234,1082,115,464,182,1500,20,47,358,65,18
290950063001,616,23125,-666666666,78,176,361,0,53,90,260,318,298,254,44,148,612,318,66,287,155,436,7,9,50,28,0
290950165003,644,37361,-666666666,12,0,638,0,6,139,131,209,283,178,105,113,635,209,0,69,42,433,0,16,12,0,0
290950162001,710,30469,-666666666,171,222,261,32,176,78,157,337,309,300,9,78,683,337,0,173,99,479,45,19,54,95,4
290959892001,0,-666666666,-666666666,0,0,0,0,0,0,0,0,0,0,0,0,0,0,0,0,0,0,0,0,0,0,0
290950154002,1293,11920,-666666666,10,106,799,157,199,81,447,465,592,485,107,262,1293,465,170,861,315,620,137,0,10,0,0
290950077001,512,23056,-666666666,6,18,416,0,37,94,168,264,262,239,23,119,504,264,0,110,85,416,2,0,0,6,0
290950060001,543,-666666666,26300,16,53,403,0,87,93,166,274,179,153,26,115,521,274,52,208,102,390,0,18,16,0,0
290950007003,732,-666666666,57200,26,221,8,357,146,103,38,239,285,273,12,153,732,239,29,108,59,472,46,12,16,10,0
290950110004,1128,49732,-666666666,133,818,291,0,0,164,232,381,559,526,33,188,1078,381,16,174,96,632,0,0,35,98,0
290950073001,642,51755,-666666666,382,575,0,25,26,154,408,498,559,543,16,16,642,498,0,91,41,485,0,0,242,67,0
290950128041,1608,38725,-666666666,134,411,644,0,346,12,401,567,665,644,21,307,1608,567,55,570,175,718,0,0,110,0,0
290950097001,989,16375,-666666666,45,19,881,0,74,59,383,398,470,366,104,227,989,398,125,548,195,409,0,0,22,23,0
290950074001,1407,-666666666,496100,290,1151,133,71,23,46,153,290,678,651,27,118,841,290,0,331,80,350,0,0,169,74,8
290950116002,1329,31827,-666666666,116,1181,0,14,134,209,359,498,662,611,51,348,1300,498,106,412,172,844,0,0,45,47,24
290950164001,874,29485,-666666666,49,115,501,0,258,71,126,309,397,356,41,183,874,309,70,361,70,553,7,14,7,21,0
290950166001,860,26528,-666666666,62,89,750,0,21,81,312,488,476,439,37,144,822,488,0,196,168,729,6,31,55,7,0
290950167002,1757,38033,-666666666,626,1184,335,0,204,76,988,1032,1381,1321,60,177,1757,1032,0,252,97,1482,0,22,306,250,16
290950009003,361,25721,-666666666,40,178,3,0,160,77,173,221,177,177,0,46,361,221,26,190,91,315,0,0,10,30,0
290950038001,551,-666666666,60400,74,142,368,14,17,171,106,191,235,223,12,123,542,191,13,110,63,346,3,17,31,32,5
290950022002,733,11974,-666666666,8,168,418,0,147,82,269,347,317,301,16,111,733,347,16,238,210,489,13,8,8,0,0
290959891001,20,-666666666,-666666666,0,5,0,15,0,0,5,5,15,15,0,5,20,5,0,0,0,15,0,0,0,0,0
290950156001,267,-666666666,-666666666,34,136,0,0,75,19,51,167,95,95,0,53,267,167,22,101,54,203,0,19,22,12,0
290950086002,1196,-666666666,255900,627,1072,30,53,27,0,72,473,739,695,44,297,1196,473,37,109,43,802,0,0,431,91,28
290950088001,611,56763,-666666666,126,52,551,0,8,75,112,277,323,320,3,161,611,277,0,44,23,540,0,0,35,91,0
290950100023,1016,37157,-666666666,278,391,564,0,33,72,681,681,712,712,0,162,1016,681,13,124,82,859,0,0,230,38,10
290950134013,614,41167,-666666666,51,249,219,0,132,150,243,274,385,374,11,142,614,274,6,34,24,357,0,0,26,25,0
290950134053,543,8693,-666666666,16,80,324,0,20,90,189,201,198,153,45,182,543,201,145,418,164,194,0,0,16,0,0
290959808021,0,-666666666,-666666666,0,0,0,0,0,0,0,0,0,0,0,0,0,0,0,0,0,0,0,0,0,0,0
290970101002,706,51197,-666666666,44,513,6,0,187,94,133,211,390,372,18,178,706,211,60,231,71,483,25,9,0,44,0
290970108005,696,-666666666,91500,64,383,58,63,74,58,49,249,234,234,0,162,696,249,53,217,114,402,0,0,50,14,0
290970119001,753,28701,-666666666,125,624,0,86,43,75,221,297,360,344,16,176,753,297,29,152,75,451,0,9,109,7,0
290970106002,1117,25817,-666666666,103,1034,83,0,0,0,434,488,801,679,122,274,1117,488,128,512,140,631,0,0,58,33,12
290970110005,550,21786,-666666666,22,461,54,0,25,27,199,282,237,204,33,140,550,282,81,251,144,448,9,0,11,11,0
290970114003,846,-666666666,101200,135,610,74,122,15,0,171,470,320,301,19,181,838,470,18,107,71,657,1,0,100,35,0
290970103003,1038,-666666666,45600,19,1001,0,19,0,86,108,397,419,368,51,294,1038,397,150,361,163,595,0,0,19,0,0
290997002084,1891,54034,-666666666,134,1713,0,0,0,52,181,543,801,785,16,414,1875,543,56,156,84,1020,0,23,96,22,0
290997003042,1099,-666666666,141800,313,1030,0,0,0,82,77,474,651,623,28,338,1099,474,43,128,43,878,0,0,274,27,0
290997012005,953,-666666666,105700,110,953,0,0,0,129,203,383,422,422,0,260,953,383,61,133,76,613,0,13,89,11,0
290997002082,1426,58149,-666666666,172,1344,10,0,53,0,254,503,780,745,35,329,1302,503,49,237,129,841,19,16,103,27,0
290997002081,924,62639,-666666666,166,769,40,0,60,50,110,478,596,541,55,287,909,478,0,40,40,848,0,0,151,15,0
291019800001,3187,51576,-666666666,372,2526,249,39,289,10,628,643,448,428,20,582,1948,643,21,76,32,1068,40,0,261,101,0
291019800002,982,52188,-666666666,147,626,172,50,115,0,309,336,242,221,21,311,965,336,27,69,27,486,3,0,135,12,0
291059604004,362,19821,-666666666,26,353,5,0,0,90,144,153,71,71,0,41,240,153,15,118,62,288,21,8,26,0,0
291094702005,1194,-666666666,95800,0,1194,0,0,0,54,275,611,446,388,58,362,1194,611,102,413,258,837,16,0,0,0,0
291094704005,793,-666666666,121500,58,705,0,0,88,0,120,272,336,336,0,187,793,272,32,172,98,483,0,43,58,0,0
291138103015,888,49836,-666666666,46,888,0,0,0,118,157,306,731,648,83,130,888,306,18,99,67,532,0,0,46,0,0
291154904002,677,20750,-666666666,9,558,0,0,119,116,146,252,321,321,0,158,677,252,87,370,97,346,0,10,0,9,0
291190703001,570,-666666666,160900,74,558,0,0,0,229,63,190,241,241,0,131,570,190,25,91,40,395,10,17,30,3,0
291279609002,401,18077,-666666666,57,341,60,0,0,0,206,262,121,83,38,108,401,262,65,196,118,291,0,19,36,21,0
291279608001,402,19681,-666666666,6,343,59,0,0,128,154,222,166,156,10,88,392,222,38,181,74,262,10,8,6,0,0
291339504002,895,-666666666,61400,33,755,122,0,0,36,223,424,351,301,50,322,895,424,137,423,180,623,16,31,22,11,0
291414704002,400,24803,-666666666,31,400,0,0,0,726,14,214,142,142,0,131,400,214,29,80,50,347,0,7,9,13,9
291450201004,772,-666666666,72000,116,772,0,0,0,116,94,264,410,400,10,174,772,264,15,61,15,413,8,0,104,12,0
291450203002,749,29180,-666666666,56,433,66,11,239,59,285,365,392,371,21,160,749,365,74,305,158,462,8,0,45,0,0
291450201001,759,-666666666,196600,185,626,8,0,125,24,81,282,333,330,3,215,757,282,24,136,42,503,24,0,93,54,0
291474703003,2685,-666666666,-666666666,58,2150,244,73,160,52,371,402,967,926,41,34,821,402,15,587,250,207,12,0,21,14,23
291554706002,977,22135,-666666666,50,593,259,0,18,146,227,351,307,277,30,252,977,351,111,418,152,483,3,10,26,13,0
291554702001,665,15125,-666666666,19,0,665,0,0,100,271,284,139,104,35,152,665,284,106,510,215,344,21,13,19,0,0
291594806001,535,-666666666,95000,4,249,217,0,61,49,139,175,166,115,51,133,535,175,81,328,94,238,12,6,0,4,0
291618902004,548,37461,-666666666,60,548,0,0,0,40,168,281,291,291,0,110,548,281,36,197,114,359,0,0,60,0,0
291618904003,3098,16297,-666666666,309,2036,229,591,102,277,706,899,990,886,104,314,2206,899,104,1171,475,862,0,13,115,107,83
291618904002,826,35921,-666666666,167,633,11,114,45,76,313,330,410,410,0,91,605,330,12,230,112,376,0,36,38,106,23
291650305005,538,-666666666,124000,113,526,0,0,0,0,129,202,309,309,0,178,538,202,23,74,23,295,0,0,48,41,24
291650303056,1014,44435,-666666666,0,680,286,0,48,0,321,321,454,454,0,179,916,321,11,118,26,587,0,0,0,0,0
291650303071,0,-666666666,-666666666,0,0,0,0,0,0,0,0,0,0,0,0,0,0,0,0,0,0,0,0,0,0,0
291650301031,260,-666666666,-666666666,64,178,31,24,20,0,0,44,100,100,0,44,132,44,0,0,0,102,0,0,0,23,41
291650303051,369,35506,-666666666,114,307,2,0,28,60,220,290,139,139,0,33,369,290,0,11,0,315,5,40,16,98,0
291694703902,826,44456,-666666666,40,470,93,8,194,54,233,233,149,124,25,223,653,233,5,44,15,212,10,0,34,3,3
291694703891,8516,41761,-666666666,1057,3797,2048,459,1606,53,211,211,1378,1315,63,196,613,211,4,14,7,2413,0,0,695,355,0
291694701012,460,44914,-666666666,119,460,0,0,0,54,18,172,231,214,17,129,460,172,0,34,16,326,9,31,28,91,0
291694704004,1266,46377,-666666666,257,896,148,0,74,152,411,525,495,464,31,335,1266,525,95,311,136,908,0,0,204,53,0
291694704001,922,37944,-666666666,81,729,78,0,76,74,143,442,382,382,0,211,902,442,61,336,146,621,0,0,24,57,0
291694703901,921,80125,-666666666,237,497,147,0,277,0,194,194,190,91,99,194,874,194,9,99,9,375,0,5,204,33,0
291694703903,629,67750,-666666666,30,201,0,0,394,0,93,93,133,123,10,93,629,93,0,0,0,164,2,3,30,0,0
291694703892,911,49009,-666666666,51,534,50,84,163,39,254,263,230,177,53,184,911,263,18,92,18,312,0,0,43,8,0
291694706002,2559,39528,-666666666,368,1926,221,76,257,141,818,824,712,701,11,238,2026,824,0,186,88,879,0,0,178,146,44
291694706001,1664,62679,-666666666,241,869,257,13,435,178,402,402,393,345,48,329,1346,402,0,13,13,758,6,0,138,80,23
291754903005,497,19600,-666666666,16,355,142,0,0,49,170,264,205,166,39,85,497,264,52,259,77,280,0,12,0,16,0
291818701002,481,27885,-666666666,50,428,0,26,0,93,13,242,211,204,7,118,481,242,19,121,51,363,0,13,36,0,14
291818702003,942,40588,-666666666,31,883,0,0,0,52,65,326,413,392,21,248,932,326,21,123,63,572,9,0,0,31,0
291839800001,14,-666666666,-666666666,5,14,0,0,0,0,0,5,10,5,5,5,14,5,0,0,0,10,0,0,5,0,0
291833117222,1458,64318,-666666666,251,1229,108,15,0,91,161,492,751,732,19,360,1441,492,19,141,35,864,0,35,225,16,10
291833105013,338,-666666666,155600,39,328,4,6,0,27,77,151,131,120,11,48,239,151,0,18,11,276,2,0,11,16,12
291833107001,796,31875,-666666666,184,650,68,0,78,42,396,564,587,570,17,33,796,564,3,222,174,665,0,0,184,0,0
291879503002,373,-666666666,73800,16,313,60,0,0,61,102,155,233,233,0,59,373,155,42,196,50,117,0,0,16,0,0
291879509024,3221,44167,-666666666,112,2186,869,12,50,97,48,76,100,100,0,54,158,76,14,41,14,2935,76,50,94,18,0
291892157005,611,57885,-666666666,288,320,236,0,36,0,127,284,312,312,0,102,611,284,0,49,15,459,0,0,127,125,14
291892139002,895,23152,-666666666,37,5,856,0,0,124,285,388,362,299,63,198,895,388,56,331,115,527,0,0,33,4,0
291892185004,635,-666666666,392300,316,611,5,15,3,0,52,280,300,292,8,166,626,280,0,16,8,462,0,0,177,84,25
291892102003,2090,56540,-666666666,93,0,2090,0,0,217,398,437,1064,976,88,437,2090,437,92,486,92,687,34,0,93,0,0
291892102004,1089,27034,-666666666,22,0,1089,0,0,155,250,295,338,305,33,221,1089,295,134,757,157,370,0,0,22,0,0
291892119003,742,17040,-666666666,34,203,440,0,0,100,367,381,269,238,31,109,678,381,31,266,166,566,0,13,21,0,13
291892119004,1338,20760,-666666666,78,0,1317,0,0,61,719,719,650,650,0,359,1338,719,173,632,278,683,0,33,21,57,0
291892144001,445,55266,-666666666,0,325,120,0,0,0,195,263,260,260,0,108,445,263,0,0,0,426,0,0,0,0,0
291892177023,927,-666666666,834300,629,652,1,258,15,56,63,400,545,545,0,223,927,400,0,2,0,730,0,0,259,94,171
291892132024,1955,78359,-666666666,885,304,198,1263,174,0,656,667,969,948,21,606,1955,667,56,117,56,1322,0,0,456,429,0
291892131022,0,-666666666,-666666666,0,0,0,0,0,0,0,0,0,0,0,0,0,0,0,0,0,0,0,0,0,0,0
291892139001,901,27554,-666666666,14,37,839,0,6,32,183,253,274,274,0,188,886,253,87,415,113,361,0,9,0,14,0
291892162003,1055,-666666666,590600,466,998,32,25,0,0,119,373,532,532,0,283,1055,373,0,69,18,632,0,0,133,207,27
291892205022,646,-666666666,145200,163,461,162,22,0,42,42,259,242,242,0,192,646,259,0,18,14,583,0,0,63,100,0
291892213024,1883,48073,-666666666,334,1781,102,0,0,51,1048,1065,1594,1467,127,294,1883,1065,0,144,43,1202,0,0,246,88,0
291892119005,833,25521,-666666666,27,42,626,30,0,122,323,340,368,326,42,251,833,340,45,207,110,465,0,0,27,0,0
291892161003,783,27799,-666666666,366,153,527,20,36,50,342,357,501,430,71,108,783,357,29,383,165,620,0,0,80,285,0
291892122006,742,36890,-666666666,14,16,726,0,0,82,220,228,428,428,0,212,742,228,67,235,83,319,0,0,14,0,0
291892122005,565,47580,-666666666,22,0,565,0,0,0,127,127,221,221,0,127,565,127,62,329,62,273,0,0,0,22,0
291892183002,763,65000,-666666666,267,745,18,0,0,16,167,390,382,371,11,197,763,390,0,39,18,584,0,0,128,111,12
291892122002,770,-666666666,43300,149,125,645,0,0,209,77,251,245,215,30,84,637,251,14,244,84,699,31,0,21,108,20
291892151422,545,32300,-666666666,198,262,260,0,0,0,408,408,468,468,0,53,541,408,0,32,32,393,0,0,139,59,0
291892134003,320,-666666666,138000,22,249,0,50,0,51,43,143,176,176,0,115,320,143,32,84,51,280,0,0,22,0,0
291892127005,515,-666666666,-666666666,0,196,267,0,0,0,104,136,246,246,0,136,515,136,58,234,58,215,0,0,0,0,0
291892157001,334,33750,-666666666,65,115,215,0,0,0,69,102,48,48,0,72,334,102,22,102,22,206,0,11,51,14,0
291892137001,46,-666666666,-666666666,23,0,46,0,0,101,23,23,46,46,0,23,46,23,0,0,0,46,0,0,23,0,0
291892133001,1017,38341,-666666666,122,112,773,0,132,35,301,301,566,534,32,240,1017,301,0,0,0,560,32,0,108,14,0
291892121015,478,44179,-666666666,9,0,229,0,249,183,170,185,285,255,30,89,478,185,41,229,51,329,20,76,9,0,0
291892121023,490,23065,-666666666,43,26,464,0,0,36,123,224,192,164,28,103,490,224,48,221,123,331,0,17,43,0,0
291892120014,589,-666666666,46500,17,28,561,0,0,48,48,247,376,376,0,131,589,247,0,87,43,510,0,40,17,0,0
291892208013,1304,-666666666,243400,318,1167,1,67,68,0,308,586,531,531,0,318,1304,586,56,207,134,978,0,9,256,49,13
291892179411,1123,-666666666,217100,309,967,14,96,0,0,79,394,509,456,53,350,1123,394,45,90,45,735,0,0,131,94,28
291892215031,986,81915,-666666666,0,542,444,0,0,20,42,106,224,224,0,64,288,106,0,0,0,832,0,60,0,0,0
291892131011,272,42500,-666666666,9,19,144,0,109,57,82,82,156,122,34,82,272,82,34,77,34,119,0,0,9,0,0
291892136002,384,29483,-666666666,42,28,349,0,0,66,198,224,189,175,14,116,384,224,29,110,49,288,0,40,30,12,0
291892141002,681,36324,-666666666,21,0,681,0,0,68,111,260,361,355,6,127,681,260,5,61,23,558,0,19,21,0,0
291892119001,614,21250,-666666666,24,0,614,0,0,100,139,218,297,261,36,85,533,218,35,233,130,273,0,0,24,0,0
291974702002,798,50417,-666666666,66,727,0,0,71,89,52,255,339,338,1,148,798,255,15,114,41,585,6,49,50,16,0
292017812002,219,21957,-666666666,0,49,170,0,0,0,105,144,107,107,0,39,219,144,26,86,36,110,0,0,0,0,0
292017812006,242,-666666666,-666666666,0,242,0,0,0,51,53,113,53,53,0,56,242,113,7,84,34,226,0,0,0,0,0
292017812004,271,-666666666,-666666666,2,35,236,0,0,102,102,102,76,72,4,83,271,102,33,139,33,121,4,0,0,2,0
292017807002,1289,-666666666,70500,47,308,899,0,82,31,248,600,603,603,0,344,1289,600,132,527,241,781,0,47,47,0,0
292134802014,943,-666666666,127400,60,860,0,0,83,53,259,353,330,314,16,279,943,353,126,290,154,642,0,0,17,31,12
292134802015,556,60947,-666666666,184,530,2,0,24,18,179,273,290,290,0,144,527,273,0,19,0,491,0,0,147,36,0
292134805024,1056,30991,-666666666,88,1026,0,12,18,179,285,485,430,430,0,272,1056,485,54,291,132,779,0,0,47,41,0
292134805023,576,-666666666,-666666666,63,412,0,0,66,63,93,167,129,129,0,139,576,167,32,158,60,291,0,0,38,25,0
292134801054,579,59667,-666666666,91,410,48,101,20,1139,120,288,211,194,17,228,579,288,15,44,15,440,0,0,49,15,0
292154802005,1124,40387,-666666666,94,1021,0,0,0,115,144,421,418,363,55,293,1124,421,87,485,87,795,0,19,94,0,0
292179503001,382,14424,-666666666,50,382,0,0,0,129,234,295,118,118,0,47,382,295,19,125,108,339,0,17,27,23,0
292214605001,878,24205,-666666666,18,795,0,0,7,114,59,387,199,192,7,238,835,387,88,372,180,717,0,18,0,18,0
292214603001,1570,-666666666,43500,37,1007,443,12,27,34,128,235,187,151,36,150,656,235,67,330,120,1247,33,4,24,2,0
292236902001,576,-666666666,84200,45,576,0,0,0,215,91,207,234,234,0,107,576,207,0,63,63,441,0,0,45,0,0
292236901003,728,-666666666,108500,20,728,0,0,0,167,47,284,149,131,18,218,701,284,39,265,80,559,0,0,20,0,0
292294904002,800,24250,-666666666,38,800,0,0,0,60,16,363,339,335,4,283,800,363,74,177,74,580,0,0,18,0,0
295101270002,729,19167,-666666666,0,124,605,0,0,76,105,114,57,47,10,22,168,114,10,68,47,497,0,0,0,0,0
295101163023,1122,38424,-666666666,93,478,409,125,31,50,376,461,495,450,45,279,1122,461,114,485,121,705,0,0,93,0,0
295101267002,508,30000,-666666666,35,157,334,0,0,222,156,228,254,226,28,145,508,228,34,166,67,378,0,9,35,0,0
295101061002,389,48438,-666666666,0,0,389,0,0,189,67,175,196,196,0,94,389,175,8,83,40,308,0,13,0,0,0
295101241001,1086,40435,-666666666,159,305,615,0,111,206,344,482,522,454,68,271,1049,482,24,210,134,748,0,32,159,0,0
295101241002,742,29750,-666666666,49,226,378,0,54,229,146,261,378,315,63,148,742,261,40,105,57,514,32,17,39,10,0
295101097002,505,-666666666,-666666666,0,0,505,0,0,273,94,177,240,202,38,100,505,177,47,240,91,271,0,0,0,0,0
295101122003,338,14194,-666666666,69,72,244,0,0,159,135,192,180,160,20,67,318,192,8,113,100,292,9,4,39,30,0
295101155001,652,-666666666,91900,121,177,467,0,3,94,121,292,164,159,5,152,652,292,103,506,203,423,0,7,71,50,0
295101155003,1588,-666666666,67600,46,170,1240,0,160,14,255,430,668,668,0,227,1588,430,132,591,169,625,0,0,28,18,0
295101155005,944,-666666666,26700,96,102,842,0,0,41,237,332,671,671,0,143,944,332,28,165,43,537,0,15,96,0,0
295101015004,643,12128,-666666666,82,345,224,0,60,126,162,232,261,216,45,113,643,232,67,399,123,512,5,0,73,9,0
295101066002,526,-666666666,92700,15,10,445,30,14,73,119,219,130,122,8,113,526,219,35,189,92,341,15,0,15,0,0
295101062003,285,-666666666,52800,18,19,266,0,0,175,62,110,109,47,62,47,285,110,38,217,70,197,0,33,18,0,0
295101275001,873,12366,-666666666,32,17,781,0,65,45,441,449,392,267,125,163,873,449,73,493,247,565,10,42,19,13,0
295101067001,459,-666666666,56800,69,0,459,0,0,236,0,201,165,165,0,98,459,201,21,202,87,307,0,12,43,15,0
295101064004,670,31250,-666666666,0,0,653,0,0,81,160,198,294,219,75,137,670,198,30,290,63,380,20,0,0,0,0
295101123002,454,-666666666,-666666666,20,6,430,0,0,171,133,168,227,227,0,119,454,168,40,180,62,285,0,6,12,8,0
295101257003,441,-666666666,-666666666,65,0,424,0,0,37,197,212,184,176,8,78,441,212,54,271,90,260,0,0,55,10,0
295101164001,869,53542,-666666666,169,335,453,44,10,127,247,346,535,498,37,158,869,346,35,199,68,613,18,9,151,9,0
295101164005,1100,17477,-666666666,38,132,824,116,6,81,395,471,385,325,60,171,1100,471,71,617,217,685,33,63,13,25,0
295101191012,1200,-666666666,378600,607,504,520,76,63,118,689,934,540,471,69,112,1164,934,5,408,398,1146,0,0,253,195,127
295101103002,203,47938,-666666666,18,0,203,0,0,160,27,97,120,120,0,81,203,97,8,32,24,166,0,0,8,10,0
295101021003,826,46534,-666666666,297,633,90,0,11,151,511,574,571,519,52,112,826,574,39,151,100,682,28,0,172,106,9
295101184001,1572,11409,-666666666,82,861,392,161,101,145,372,372,553,532,21,5,395,372,0,224,214,387,15,8,50,32,0
295101241003,1132,-666666666,-666666666,65,384,530,0,57,68,351,393,432,385,47,271,1132,393,85,432,175,748,20,46,42,23,0
295101241004,567,26953,-666666666,37,187,303,0,77,160,171,197,292,251,41,119,567,197,32,206,32,258,0,0,9,8,20
295101018002,299,-666666666,73600,12,251,18,0,30,64,53,118,87,87,0,61,299,118,27,102,41,236,8,41,12,0,0
295101062001,431,-666666666,26400,5,15,400,0,16,160,119,135,158,139,19,94,415,135,67,280,74,130,0,9,0,5,0
295101067004,1104,-666666666,71100,193,0,1093,0,11,115,230,420,296,286,10,299,1104,420,94,552,184,808,14,0,61,90,0
295101055001,666,-666666666,178500,82,0,658,0,8,122,46,277,403,403,0,175,666,277,9,96,71,508,0,0,46,0,0
295101065002,429,32159,-666666666,53,19,410,0,0,195,57,177,177,135,42,68,324,177,6,27,15,370,0,9,33,20,0
295101271002,503,-666666666,-666666666,22,37,466,0,0,80,112,175,153,127,26,101,503,175,34,275,71,263,6,5,12,10,0
295101063004,217,32500,-666666666,0,0,203,0,0,110,40,100,139,110,29,75,217,100,0,6,6,170,0,0,0,0,0
295101112001,198,-666666666,33100,24,17,181,0,0,135,40,82,107,85,22,59,198,82,19,77,34,169,4,0,13,11,0
295101104002,716,-666666666,45300,6,43,673,0,0,176,226,294,269,231,38,140,716,294,61,277,93,475,25,0,6,0,0
295101022007,772,81711,-666666666,377,690,44,14,24,33,58,350,382,382,0,280,772,350,0,0,0,666,0,0,185,136,0
295101115002,284,35781,-666666666,10,0,284,0,0,140,70,121,137,137,0,70,284,121,18,108,44,170,0,20,10,0,0
295101121003,0,-666666666,-666666666,0,0,0,0,0,0,0,0,0,0,0,0,0,0,0,0,0,0,0,0,0,0,0
295101269002,543,-666666666,-666666666,91,0,543,0,0,112,46,155,311,238,73,118,543,155,0,25,9,371,11,49,91,0,0
295101269006,699,-666666666,56900,70,0,699,0,0,260,138,309,341,285,56,164,699,309,62,317,148,479,0,10,51,10,0
295101272004,416,40200,-666666666,211,216,166,0,13,140,360,360,344,329,15,18,416,360,0,36,36,322,0,0,142,69,0
295101156002,274,-666666666,-666666666,0,229,0,0,45,12,41,149,104,104,0,80,274,149,18,59,32,214,16,2,0,0,0
295101174006,426,-666666666,305400,303,366,40,0,10,9,126,245,215,198,17,76,426,245,6,32,6,331,0,0,184,78,18
295101212001,616,27917,-666666666,165,45,556,0,7,12,262,270,347,276,71,177,616,270,57,174,69,375,0,14,79,70,0
295101103003,346,-666666666,31200,49,0,346,0,0,141,75,189,188,157,31,89,346,189,25,145,90,257,0,48,15,34,0
295101123001,543,33929,-666666666,80,12,531,0,0,79,84,238,287,227,60,127,543,238,55,202,55,377,0,0,26,54,0
295101123003,592,18947,-666666666,46,58,508,0,0,283,331,376,261,206,55,145,592,376,64,232,132,385,6,22,25,14,7
295101072001,287,18393,-666666666,0,0,272,0,0,69,139,181,162,132,30,47,287,181,5,73,68,224,0,8,0,0,0
295101073004,413,40326,-666666666,10,41,372,0,0,76,61,176,196,196,0,121,413,176,0,10,10,229,0,0,10,0,0
295101073007,457,-666666666,46700,10,0,448,0,0,52,35,127,130,109,21,99,457,127,11,47,22,355,24,20,0,10,0
295101164006,526,35417,-666666666,40,148,191,20,78,144,184,247,287,238,49,131,526,247,54,127,54,348,27,25,29,0,11
295101096003,901,45833,-666666666,133,0,840,0,50,63,181,302,476,451,25,198,871,302,52,189,52,626,0,10,117,0,16
295101162001,866,-666666666,243100,507,699,113,16,22,37,219,382,674,674,0,110,866,382,0,51,51,784,0,0,253,173,30
295101061003,256,28750,-666666666,6,9,236,0,11,107,85,118,143,131,12,67,256,118,16,87,35,152,0,0,0,6,0
295101266001,731,29375,-666666666,104,315,416,0,0,230,198,353,349,319,30,146,731,353,19,251,139,449,10,29,80,24,0
295101266003,868,-666666666,157900,143,134,677,0,50,114,210,383,451,347,104,205,833,383,72,244,107,525,0,17,106,19,18
295101097004,559,-666666666,-666666666,38,28,531,0,0,182,127,270,310,229,81,119,559,270,23,230,126,408,0,25,8,30,0
295101097003,486,31063,-666666666,47,27,448,0,5,109,119,203,188,177,11,130,480,203,25,170,52,404,9,30,28,8,2
295101102004,67,25536,-666666666,0,0,54,0,0,106,40,55,57,44,13,5,67,55,0,13,13,67,0,0,0,0,0
295101122002,519,-666666666,66000,65,40,457,0,0,158,154,196,228,204,24,94,519,196,35,254,89,272,3,9,43,8,14
295101113002,768,22056,-666666666,161,6,754,0,1,84,330,487,331,300,31,106,761,487,0,98,98,718,13,36,56,105,0
295101143002,908,-666666666,184900,312,713,13,0,68,31,125,418,517,517,0,238,908,418,0,0,0,603,0,0,147,93,41
295101155002,618,13929,-666666666,75,171,447,0,0,121,236,308,179,179,0,140,618,308,56,372,166,459,0,21,0,75,0
295101191013,677,-666666666,168100,283,261,356,0,60,56,165,319,412,392,20,199,677,319,0,66,34,560,5,0,93,67,0
295101064001,573,-666666666,52100,20,0,573,0,0,157,197,273,255,187,68,132,573,273,34,156,100,376,0,81,11,9,0
295101172003,488,66827,-666666666,341,383,105,0,0,12,143,275,316,316,0,136,488,275,16,37,16,375,0,0,187,109,34
295101256002,961,64122,-666666666,563,483,155,163,93,174,696,717,740,694,46,135,961,717,0,89,89,796,0,0,360,110,62
295101257001,1869,20316,-666666666,111,0,1869,0,0,190,809,839,782,594,188,435,1869,839,221,878,322,997,20,69,52,59,0
295101257002,977,28750,-666666666,107,15,953,0,0,52,424,489,311,251,60,210,977,489,83,354,150,623,0,0,98,0,0
295101157001,576,-666666666,56200,42,66,408,39,63,153,148,278,175,175,0,168,576,278,68,293,121,328,0,29,30,12,0
295101157003,916,47578,-666666666,153,359,391,44,122,21,203,371,542,448,94,206,827,371,5,100,60,673,34,14,107,36,0
295101164002,833,-666666666,96800,53,171,377,0,172,73,233,314,453,308,145,244,833,314,99,352,133,401,40,0,53,0,0
295101193001,1050,29620,-666666666,186,215,742,36,57,144,500,519,364,354,10,159,928,519,19,238,159,759,8,3,121,50,0
295101193003,1890,26250,-666666666,468,1068,251,340,167,112,653,663,871,815,56,30,974,663,3,416,243,697,0,14,206,157,52
295101193002,933,21318,-666666666,203,558,101,204,31,149,303,303,475,450,25,16,503,303,5,274,130,338,0,0,43,86,53
